,id,energy
0,7746,-70.1778954723351
1,7473,-76.28393242325873
2,7183,-66.82839082057963
3,7364,-94.24897881071234
4,7295,-86.13665783455833
5,7304,-71.80152505532087
6,6626,-63.83214345810178
7,7833,-95.67883661294147
8,7597,-96.0646270066986
9,7766,-92.30141608864457
10,7830,-74.0040386243105
11,7246,-90.04098828744712
12,7599,-84.04056423144239
13,6612,-86.05391893013868
14,7260,-81.7727578167036
15,7842,-86.11626579561337
16,7715,-91.94691302490621
17,6651,-77.55452210903985
18,7262,-90.9697181087253
19,7605,-80.02477317194267
20,7591,-73.84833346397667
21,7979,-57.18523981652757
22,6769,-86.71343541707387
23,8195,-80.24035482174831
24,8192,-66.277310856506
25,7052,-90.70520877594114
26,8198,-89.69483751081269
27,7635,-81.97396159094482
28,7024,-82.432681020016
29,6901,-94.81485802715045
30,7345,-80.06955057136709
31,7243,-82.55487262496756
32,6998,-73.95658211334721
33,6794,-84.40752761125518
34,7567,-74.72422996470266
35,6884,-69.83935501509755
36,7606,-59.56754575561958
37,7760,-90.63002241074936
38,6915,-77.89057845028202
39,6608,-85.1614406446225
40,6788,-92.62555240139588
41,7164,-64.3174356866346
42,6658,-69.84626262829076
43,6938,-87.87293051977434
44,7289,-77.37280801130788
45,7794,-80.48108876705184
46,6917,-90.03257636525537
47,6833,-74.50661195119936
48,6677,-78.14277958070852
49,7122,-73.86960179814501
50,6637,-66.32784927840599
51,7497,-94.3410863240314
52,7282,-73.84518623308881
53,7449,-87.79653078817584
54,7029,-94.95375579214885
55,6663,-70.45398793711634
56,7374,-77.17407977399992
57,7770,-70.99103872527155
58,7699,-76.33640587448899
59,8147,-88.91367555472986
60,8185,-78.10801954662979
61,8219,-85.78391096506166
62,6966,-77.25477940238785
63,7003,-91.42438165239284
64,7190,-74.60700071111671
65,7425,-82.41885292997846
66,6920,-85.82301432137608
67,7315,-70.43573132037116
68,8207,-73.26052208004326
69,7280,-86.29948117235853
70,7529,-94.03482997549735
71,7690,-89.94452276310115
72,7265,-90.77232341961565
73,7464,-72.19389016205831
74,7416,-91.64472098871724
75,7566,-86.1004355079374
76,8156,-78.15635942419362
77,7527,-81.29980195426798
78,7732,-75.69658957047909
79,7328,-70.45055382658258
80,8117,-77.51261930258897
81,6789,-81.98932635567782
82,6629,-77.62657575596924
83,8189,-71.98522158284759
84,7872,-70.43845037476416
85,7186,-71.52944484924842
86,7314,-78.26189452874067
87,7912,-75.25391413368621
88,7633,-74.97178458382578
89,7607,-70.88854963629862
90,7825,-87.02203120076034
91,7503,-78.62570836857151
92,6904,-70.98685158053848
93,7330,-73.52041145719416
94,6838,-86.87269867058733
95,8122,-91.4902902639456
96,7358,-60.79440512413139
97,7397,-77.63966261727828
98,7518,-85.1098199105252
99,7864,-75.94559876532544
100,7662,-75.9511211212299
101,8032,-75.59789980091782
102,7907,-75.0628583555978
103,7640,-59.5499935258773
104,7075,-86.82956244964052
105,7028,-67.44518708735724
106,7834,-74.34737779127722
107,7551,-79.03941150865624
108,7759,-91.84931663238899
109,7818,-81.36318546979565
110,7866,-50.18947315319507
111,6702,-73.72925102882044
112,8151,-90.41118150401734
113,8055,-64.08640231102534
114,6887,-61.37141377254085
115,7993,-81.1153811852557
116,7253,-85.14087054036095
117,7977,-75.1025989200429
118,6631,-71.29818208692843
119,6892,-77.35840732798904
120,7844,-101.49532824174504
121,7719,-83.03631221885854
122,6961,-77.22470323876372
123,7257,-74.40495689735462
124,8138,-63.44903944258705
125,7769,-66.9122472773443
126,7675,-77.84819387645312
127,7000,-88.50871736511057
128,8202,-72.40400249331125
129,7840,-95.97021620467937
130,7411,-86.0294446124893
131,8162,-90.35685147863076
132,7456,-67.03142297282184
133,7061,-102.16163407735391
134,7352,-67.12031503584863
135,6745,-76.46377703165022
136,6682,-51.0529254271637
137,7799,-78.3621051275595
138,6700,-78.09424527772012
139,7104,-59.329776069902465
140,7346,-92.55794017616539
141,6933,-78.65946030798351
142,7873,-56.28815623977383
143,7871,-87.91517978082761
144,7495,-102.7273061250084
145,7210,-79.64737367248819
146,7947,-89.61345623067675
147,7723,-89.44635156190212
148,7273,-70.50567653205687
149,7357,-74.39762196434556
150,7850,-84.85722082017007
151,7455,-47.530333647327794
152,8026,-91.35423220236883
153,8125,-61.59670002540898
154,7460,-67.39371902982991
155,7703,-94.88019574578006
156,7140,-85.75464097815356
157,7931,-54.066449531099686
158,7155,-74.52087819786794
159,6862,-63.87569457782547
160,6882,-90.85675684348854
161,7587,-82.42876596994616
162,7487,-81.18110899228977
163,7161,-89.59750185767969
164,8188,-73.96875965858484
165,7017,-87.28221154197577
166,7382,-81.36780489732229
167,8161,-84.70618837746201
168,7928,-82.46532799690463
169,7250,-89.47125856050492
170,8205,-90.24354895032005
171,6667,-89.54085490790476
172,6708,-74.6046849053289
173,7149,-91.74226022019444
174,7125,-67.11348890044272
175,6624,-91.58194015989821
176,6764,-74.96495477091081
177,8103,-93.54990763031103
178,6944,-74.40640806804707
179,7502,-69.95529278982255
180,6994,-87.51234900976229
181,6777,-67.06693878760515
182,7067,-89.25840180723661
183,7531,-49.99050719098888
184,7694,-86.43574986588705
185,7043,-71.03224749293824
186,7686,-78.34943400619073
187,7778,-66.06991027187341
188,7049,-73.59016835456356
189,7744,-71.70982552156073
190,6866,-89.79861867513787
191,7156,-53.34886398839021
192,7366,-87.43727950785403
193,7617,-65.73150970831627
194,7057,-85.6948068429849
195,7334,-55.26962681173519
196,7771,-66.70461607918325
197,8180,-90.82085426315447
198,8073,-86.17232346367187
199,7883,-77.65075221111562
200,7394,-90.79132934128047
201,7271,-89.8224612694793
202,7795,-97.62790436779505
203,6953,-84.74184593793551
204,7937,-49.1275397471605
205,8170,-96.79711172061975
206,7786,-74.24389762833813
207,7687,-91.71387759214504
208,7611,-72.86554480276361
209,7290,-63.77397529354339
210,6723,-75.20663254065609
211,7544,-61.21957979973698
212,6758,-75.94397640509943
213,7008,-58.40294032267619
214,7880,-64.50620378405158
215,7316,-86.97342479116678
216,7610,-101.57517926366474
217,7101,-89.74824547117908
218,7220,-89.4021793495972
219,7510,-86.52456025175177
220,7754,-60.16347179582989
221,7276,-81.4200602681985
222,7899,-62.642916592702264
223,7299,-89.23092341151111
224,7829,-85.72427744549873
225,8179,-73.96401157416759
226,7215,-86.13172982860607
227,7577,-72.21573759673859
228,7992,-68.4482051231284
229,7317,-87.67063246872968
230,7015,-51.75393208152111
231,8047,-89.1114452563579
232,8034,-70.24202573824535
233,7942,-61.68254869915336
234,7279,-69.1448913664696
235,7245,-81.28462899031305
236,7963,-72.9881932305604
237,7990,-92.06369419745188
238,7113,-80.02423576599266
239,7196,-96.06389759809235
240,8169,-70.9848525284334
241,7902,-65.02663249023023
242,7609,-79.7306616080006
243,6748,-81.94945879726038
244,8183,-89.29573914956612
245,6858,-70.19765198608813
246,7021,-75.21816122719156
247,8194,-69.42373136947735
248,7896,-79.6895579595361
249,7602,-77.02850707228177
250,7137,-66.82723516375329
251,7064,-74.6249522949381
252,6744,-66.9970511249664
253,7367,-93.62407055535509
254,6824,-62.16070464671428
255,6816,-57.31819029346261
256,7430,-70.48324687789054
257,6606,-74.32280931065054
258,7841,-90.60442598874505
259,8171,-73.52040102114157
260,8238,-88.84474280597279
261,8049,-82.58197717413879
262,7309,-73.83108211322838
263,6869,-86.58085537686739
264,8031,-59.93810192772722
265,6730,-70.00228217921818
266,7119,-85.13934246695231
267,6911,-74.87237558018089
268,7526,-75.58906819092671
269,7312,-77.77485164306961
270,8139,-82.35518959839283
271,7593,-91.16740402908009
272,8176,-89.92748185593454
273,6942,-69.72523203542372
274,6770,-80.97317760985638
275,7924,-86.22895954488507
276,7740,-77.52674649884452
277,6847,-95.58611317559489
278,7782,-60.57091888395642
279,7381,-89.59360203880846
280,6676,-57.58981539988808
281,6864,-65.31472030686507
282,7072,-95.24213475356306
283,7333,-70.74896397619747
284,7888,-77.65679611543881
285,7288,-82.65924947389429
286,7677,-61.57857087746815
287,7950,-87.94970221428827
288,6650,-43.04878167419527
289,7139,-81.84426007860543
290,7667,-90.31813146319206
291,7765,-93.97195182933875
292,7704,-85.86616147367803
293,6760,-94.14677233140297
294,8129,-77.4994394484361
295,7761,-82.24875929671043
296,7560,-88.0894350425332
297,6968,-88.3117343908086
298,7080,-69.79531301441943
299,7145,-74.89713186455552
300,7804,-66.030080962088
301,7141,-78.46415219855346
302,7222,-96.53109171189598
303,7292,-66.14820582393793
304,6759,-54.8725566513403
305,6661,-74.21323051833436
306,7422,-47.315608845771685
307,7998,-74.07681133260775
308,8004,-93.16076796215808
309,7403,-72.49808561479284
310,7146,-77.29637101242119
311,7564,-60.353089335586944
312,6852,-65.68871716937232
313,7197,-90.06693783713692
314,7252,-70.43642384830704
315,6746,-75.3256717982818
316,7069,-86.96251827800042
317,7788,-93.79462948806994
318,7405,-90.26760885884075
319,7994,-89.83933712338425
320,8101,-53.61010573291723
321,7764,-78.62982497658474
322,7968,-67.0625062119668
323,7231,-71.6792048514198
324,7688,-61.3883153234125
325,6710,-75.50557890288925
326,6754,-81.37207047619806
327,7031,-74.61135692134195
328,6596,-81.31755523870268
329,7281,-77.05971726248946
330,8216,-70.4079005533874
331,6814,-55.54391491456677
332,7055,-55.89940497755129
333,8077,-78.81302298675823
334,7466,-86.92760305142279
335,6753,-70.26091803481054
336,7682,-103.02626375830181
337,7996,-79.52139713592729
338,7775,-70.27138871595047
339,7324,-73.48499008618244
340,6842,-78.88437243256239
341,7783,-81.09465747291863
342,7651,-66.29214670128823
343,7108,-84.31316638555805
344,7849,-82.13524113548706
345,7393,-74.29720671415312
346,7426,-56.61606791177278
347,6893,-58.88439075963848
348,7484,-70.14084376690134
349,7571,-95.53403189272028
350,7878,-78.67499176515736
351,7776,-77.78593347605134
352,7016,-69.92451940417769
353,6716,-88.51721584737098
354,6697,-66.7004647246417
355,7964,-92.002061015766
356,6765,-81.43473873206811
357,6839,-79.65592350166769
358,7006,-64.51648255562439
359,8069,-93.48582366525946
360,7084,-48.405238265005835
361,6622,-76.2545542199908
362,6999,-87.24806463716361
363,8112,-97.58459658817799
364,7521,-76.61898686064981
365,7213,-72.55392297644394
366,7584,-71.4282724185211
367,7565,-86.29136179291751
368,7187,-58.4734508894642
369,8045,-74.10424399763322
370,7036,-89.7663182218817
371,7534,-91.01209831019162
372,7702,-74.42283328585057
373,7371,-60.95591734614982
374,8164,-94.24908861455677
375,7876,-74.9444858217635
376,7712,-74.35106187201322
377,7971,-76.46415712418771
378,7991,-85.22499533597863
379,7549,-75.31476185212063
380,7412,-85.28148119959066
381,7058,-102.1524980839643
382,6776,-81.96912693136997
383,6617,-77.41763313532373
384,7908,-66.25239198416911
385,7079,-80.37527820068279
386,6955,-85.5580638645887
387,6876,-77.4353437122921
388,6741,-90.84485755736453
389,7658,-90.35087264878975
390,8096,-82.13547619029056
391,7062,-93.5405977795678
392,6981,-67.14508810178648
393,7623,-79.53891189997162
394,6717,-88.53154192710672
395,7790,-82.55867277186512
396,6670,-57.92319598625416
397,8177,-75.27190109738639
398,7636,-44.049027081805605
399,7009,-77.81455162941127
400,7255,-75.28820132741636
401,7755,-74.22657180471526
402,7475,-96.62312177809874
403,6694,-65.41160069879055
404,7751,-83.32941809010552
405,7046,-70.39577288908868
406,8143,-76.88606093298935
407,7102,-75.28394464787085
408,8095,-85.968315185268
409,7741,-77.90824384543727
410,8199,-78.24153653173856
411,6680,-74.16333813687477
412,7236,-77.08296441315487
413,7431,-66.49900425059936
414,7040,-76.60073271220732
415,7875,-56.3779919382505
416,7223,-71.00527004859627
417,7643,-76.08953980660034
418,7453,-73.46210753826709
419,7123,-82.69930422238276
420,7163,-74.68760225943345
421,7959,-70.28745149392924
422,6660,-94.6163739715467
423,7274,-68.607825348638
424,6811,-78.20332665248354
425,8018,-74.6783363287275
426,7706,-77.06457762850548
427,7929,-89.12096929984878
428,7666,-70.00457539154064
429,7360,-90.31249279347486
430,7470,-70.77711313493444
431,8075,-97.29538315154771
432,7341,-79.92964717547461
433,7736,-86.07086239367695
434,7532,-83.55488770027182
435,7779,-56.84030117186732
436,7237,-96.01156645301482
437,8201,-80.4436308461681
438,8159,-83.18135022668628
439,8094,-67.32816628725148
440,7657,-82.36986946562921
441,7124,-73.50547039710715
442,6635,-88.71543369586266
443,7116,-85.04225409093884
444,7545,-83.58900668094327
445,7476,-79.00643989093878
446,7384,-76.83103037207368
447,8140,-67.53543277256372
448,7757,-67.38720152712611
449,7909,-79.0114581316614
450,6766,-53.05617683262493
451,8149,-95.82578431993616
452,7112,-84.72199346685974
453,7590,-82.17910996805
454,7044,-78.6028703268842
455,7233,-78.42766104947876
456,7402,-64.45201142051346
457,7615,-91.20938096735546
458,8111,-90.93044114100876
459,7302,-94.69509534939718
460,7177,-82.97829733520565
461,8210,-81.46695219857061
462,8110,-87.80277331379371
463,8019,-78.5329057901137
464,8092,-61.28491731689482
465,7803,-64.62269377208226
466,7810,-89.04498922675879
467,7158,-81.13249647172054
468,6712,-97.20307487057062
469,7800,-67.55983504064507
470,7548,-73.18063250090916
471,7185,-91.03520231915863
472,6749,-63.396992543488224
473,6886,-62.48284048345003
474,6666,-81.56380083551387
475,7632,-91.90418668111057
476,6600,-80.73605343294196
477,7419,-75.34795586079686
478,7535,-79.53525927266519
479,6957,-90.44011512067918
480,7514,-90.89305004279933
481,7286,-101.90849796388757
482,8141,-90.73447321149172
483,7013,-74.16759880379028
484,7189,-86.02741073886371
485,6681,-71.24032022174148
486,8088,-49.213625970958105
487,6691,-58.70435793419912
488,8116,-74.81293955638088
489,6872,-86.1889615956265
490,7300,-93.95625803509382
491,7961,-66.71049484343239
492,7377,-88.40428960286856
493,7150,-81.03723910298359
494,7373,-60.95525403417129
495,7613,-81.09270156265082
496,7472,-54.43686925898952
497,8220,-77.56584249827759
498,7672,-67.08365122419843
499,7724,-79.00186671973853
500,7832,-95.15888673122825
501,6615,-90.27556142048172
502,6835,-93.22927744875388
503,6621,-66.71699567917304
504,6643,-83.0561742792501
505,8181,-72.10812790928779
506,7034,-90.61610965117384
507,8146,-72.80966902529185
508,7386,-78.64379847292051
509,7461,-75.22131553703335
510,7170,-91.7494955510469
511,7496,-59.25900494951166
512,7305,-83.77100498407248
513,8168,-95.90931588613252
514,6795,-82.78848670873812
515,6836,-75.59912280688249
516,7679,-59.316152220191015
517,7160,-77.85191753740122
518,7076,-73.61830871987944
519,6828,-69.896075898351
520,6878,-69.97560067674463
521,7727,-63.01790164853104
522,7439,-73.82042229832335
523,7718,-82.13967545972298
524,7698,-60.47757054002845
525,7174,-67.6055171539926
526,7655,-65.71360648404945
527,6743,-95.08403542321729
528,7625,-86.71903866170811
529,7153,-55.19139500461537
530,6756,-97.3106650267192
531,7474,-85.91587208228817
532,7131,-81.74085626851539
533,7211,-91.9130350074132
534,7166,-54.89567005765127
535,7674,-87.72256527272953
536,6823,-74.01931576887809
537,6640,-71.2481145090954
538,8085,-73.09307148642925
539,8217,-67.62767529272077
540,6779,-91.1313039999133
541,7435,-77.93207740415984
542,6715,-87.93664918024753
543,7554,-56.59027093523332
544,7812,-81.87127536448806
545,7018,-76.16049225453561
546,6720,-80.56508836425114
547,8081,-64.97328376450002
548,6772,-84.23372857868998
549,6763,-73.76611018723015
550,7945,-79.5674470984876
551,7048,-75.57212122135451
552,6709,-73.86422753245108
553,7369,-58.66834253132541
554,7128,-61.633310321585654
555,7846,-87.84124243406974
556,7936,-80.68177188699526
557,7927,-64.68400876112817
558,7329,-85.77407280942684
559,7813,-77.69112696810804
560,7539,-77.60500384535608
561,7340,-82.72938863742837
562,7420,-90.80687738532706
563,8232,-85.34520275663678
564,6692,-60.25979263087186
565,7713,-90.85438628452057
566,6895,-86.55940602545309
567,6898,-62.39700799980548
568,7628,-73.88942551324644
569,7720,-66.91907795467692
570,6672,-67.98745269939093
571,7313,-64.92918025483858
572,6875,-96.93675247430431
573,6616,-89.71165409509639
574,7762,-81.9861356770027
575,6813,-63.656331897041156
576,7133,-90.34348999986751
577,6983,-83.21818472776144
578,7710,-74.41985642851584
579,6935,-90.3783445154108
580,7463,-70.37138869826904
581,6964,-80.98470567380211
582,7987,-56.52276858232257
583,8124,-65.29497328738799
584,7039,-67.86361082566614
585,6821,-72.54129470105754
586,8158,-87.97817825594689
587,6707,-81.92653880378234
588,7819,-74.49245674483512
589,6597,-89.95193899013432
590,7095,-64.76015814131091
591,7801,-103.50629165105494
592,7648,-81.91066206025839
593,7327,-78.93673286151743
594,6797,-69.69973523680304
595,8215,-77.38784452214121
596,6818,-96.39811251777822
597,6881,-85.97102088512455
598,6653,-78.43980124174793
599,7089,-77.90047516066385
600,7239,-70.23419924526445
601,7962,-66.28494436790125
602,7483,-81.3025947949536
603,6634,-81.71739064683626
604,7709,-70.49961484041064
605,7955,-62.881746721532565
606,7398,-65.9913982779067
607,7130,-70.35958032946192
608,7392,-74.71257241022968
609,7981,-92.33928033789336
610,7576,-75.40928976901583
611,7867,-75.47816212332282
612,7900,-77.47447834457996
613,7967,-95.18557773661173
614,6805,-54.45471653308654
615,7836,-58.88087035149724
616,6696,-74.87499771370109
617,6940,-77.96904144566781
618,7171,-81.54571043420354
619,8203,-88.19284703761625
620,6665,-93.53143312736042
621,7768,-75.48590638650982
622,7395,-81.05934266733935
623,7763,-72.53923242806579
624,7103,-89.62953514454459
625,6853,-77.68012488331573
626,7647,-65.24773666824392
627,6742,-67.11348722365354
628,6806,-83.70228487661954
629,8042,-65.63685159434972
630,7287,-93.48189668971793
631,6922,-94.51695206715402
632,7331,-95.14017395691982
633,6880,-78.64658720742223
634,7134,-85.96595193587623
635,6879,-57.41616158455463
636,6603,-73.56544730198846
637,7230,-56.977065551469266
638,7001,-80.06376167078103
639,7194,-86.72286898758149
640,6926,-78.50626401817131
641,7984,-89.28953679828912
642,7805,-71.03017922185121
643,8212,-90.79200388082926
644,7926,-58.91306940652875
645,7111,-84.22793683484755
646,8209,-91.08523886954045
647,8013,-58.68909038227041
648,6988,-79.50350174987713
649,7772,-89.24853754918199
650,7099,-74.15284749649979
651,7307,-84.16293506062432
652,7014,-91.05138510378427
653,7157,-80.70333819492569
654,7019,-83.21558856014468
655,7600,-68.76898846864754
656,7530,-82.80101996176329
657,7851,-67.21125561271987
658,6798,-66.8984280688713
659,7916,-70.55550185552873
660,7198,-77.9484226129442
661,6947,-89.583337023883
662,7863,-87.21855041766166
663,7722,-45.93392923007961
664,6929,-61.94385473395522
665,7012,-61.59490646077319
666,7859,-80.37354138882887
667,7663,-80.99567285562674
668,7396,-84.00215239496823
669,7944,-97.06208320626006
670,7325,-90.9045506765646
671,7350,-77.67157533855516
672,8052,-82.00574897555163
673,7154,-73.0681824774023
674,8008,-77.3836561101545
675,7546,-71.15205110059166
676,8098,-92.56270663505106
677,7789,-91.45243309718529
678,6910,-67.09360169726264
679,8163,-75.67769469973913
680,6913,-93.89072570221771
681,7608,-66.95526787756597
682,7737,-82.15909812145019
683,7773,-73.92563458361465
684,7100,-62.59089825777038
685,6727,-69.30345019921114
686,6718,-103.34702905616382
687,7894,-83.10029464522884
688,6762,-79.08504302147001
689,7390,-74.72313580621274
690,7096,-74.07727012772253
691,7543,-82.29524171811522
692,8131,-82.84808433848782
693,7696,-75.46250332239298
694,7199,-83.120659737874
695,6927,-68.41934464276757
696,7094,-68.55896742142843
697,6664,-94.29924813993388
698,6854,-57.5759403042842
699,8196,-77.71784015958457
700,7884,-76.73858687084982
701,6963,-77.50046957073324
702,6605,-90.6470363664317
703,6695,-91.07916882719775
704,7165,-79.2431460430457
705,7399,-82.73899909749991
706,6925,-69.79478926937072
707,7182,-91.02440306913999
708,7074,-79.02124349768488
709,7578,-83.2038067253856
710,6701,-60.60602613764355
711,8118,-86.3176626361914
712,7117,-86.21337233446856
713,7644,-65.89762163423687
714,7114,-65.37172116729182
715,7986,-69.917612633216
716,6958,-86.58614956147515
717,7552,-94.9269149506109
718,6699,-82.70140709517679
719,6598,-77.48944904142238
720,7957,-99.76383660734564
721,7033,-86.42866456113101
722,7614,-71.25898771562764
723,6965,-60.92647963498894
724,7557,-81.14540138975062
725,6845,-66.37996430404544
726,7242,-89.60927456359974
727,7612,-78.54431690282955
728,6977,-95.82144584139809
729,6962,-56.171999725265536
730,7468,-66.15961580435115
731,7308,-74.67611327304081
732,7620,-76.07895479152536
733,7826,-89.84953903256209
734,6684,-80.15601624541617
735,6812,-101.7430155582287
736,7646,-76.3600818886382
737,7232,-87.77558601938067
738,7326,-74.7379277291299
739,7356,-75.25383263589303
740,6630,-80.40395652482785
741,8150,-90.51089987966321
742,7563,-74.542035246792
743,7507,-64.36408911258663
744,7500,-82.93079140455875
745,6871,-91.35640492430257
746,8126,-75.75112628800942
747,7311,-77.54086881781919
748,7229,-87.36224821975468
749,7409,-81.78271481202184
750,7410,-67.5109328384573
751,8214,-37.62358368877799
752,7806,-82.21318003392676
753,7228,-64.78113436628684
754,6722,-84.37356507878515
755,7172,-85.9106607173031
756,8233,-78.36582826954098
757,6837,-88.31253269870356
758,7106,-92.32409998707766
759,7192,-60.78146743534252
760,6912,-77.48905453219943
761,7954,-71.31597411001498
762,6948,-73.86586517181175
763,8037,-75.48425601789043
764,7897,-77.51409020898629
765,7338,-53.75208969995337
766,7486,-59.521882269921775
767,7869,-73.93198431058174
768,6874,-71.41041093344184
769,7499,-49.78909890849891
770,8053,-88.41245548490149
771,8119,-42.55557828061041
772,7930,-86.30884376389996
773,8155,-95.49854529540099
774,7750,-61.08460503636408
775,8130,-93.47412930229662
776,7728,-91.24306352437848
777,6829,-74.43236493765976
778,7208,-74.35441320453391
779,7970,-84.35133948303339
780,8038,-62.47762801229074
781,7860,-77.04488257322829
782,6711,-75.40187938670323
783,8165,-61.01873175945735
784,6974,-87.44070356684097
785,7269,-79.27219984592374
786,8145,-90.98576973012426
787,6683,-64.64801815370969
788,8123,-84.75167667088705
789,7053,-58.6590565455481
790,8017,-66.85043198569335
791,7547,-77.67964692066147
792,7731,-49.25430664738416
793,6975,-93.55674880434869
794,6673,-100.80021632703496
795,7973,-90.29473105338009
796,6784,-90.92966811993706
797,7135,-74.47732437176892
798,6739,-68.3492739979437
799,7504,-60.035472404366146
800,6604,-84.02132292592931
801,8066,-78.77069860673143
802,8051,-90.25801972843145
803,7147,-73.5373913687755
804,6734,-66.01972568988495
805,6995,-62.3076860604171
806,7041,-75.38352554131181
807,7701,-90.37978178218833
808,7359,-81.62160740792761
809,8190,-59.10911372584371
810,7645,-77.6318450053181
811,7446,-50.0322881930232
812,7457,-83.46844197915038
813,8091,-71.81823344214476
814,8058,-90.00134507381563
815,7321,-69.33824512406946
816,6785,-71.31426689989796
817,8211,-82.85449904939215
818,7207,-66.4261346410063
819,7541,-81.65283069143089
820,7921,-68.1596836114046
821,7594,-94.36340840292317
822,7447,-69.34010892662357
823,8005,-84.751707500237
824,6930,-65.88111395308441
825,8200,-79.87880984690862
826,8107,-83.25693147129554
827,6609,-76.94514685179044
828,7780,-68.26470219403909
829,6943,-75.17689239484372
830,8166,-73.55471318465274
831,6755,-81.27786429697247
832,7193,-86.45821016764373
833,8106,-78.34493135551425
834,7427,-90.70998586615207
835,7263,-74.85998271750744
836,7969,-77.68107951829
837,7056,-100.21434143928813
838,7060,-69.74728413457245
839,8082,-67.63609276064244
840,7144,-58.16546614948247
841,6636,-57.76227225459773
842,7717,-55.12327356013962
843,7680,-79.67065743941183
844,7444,-77.56479103794565
845,8230,-92.8846326922033
846,8099,-74.99803183317393
847,7946,-80.2574465809916
848,7168,-96.57228190733673
849,6856,-62.70769325375727
850,6706,-66.58977280237045
851,6827,-65.86291729387078
852,6678,-63.23119183646499
853,7904,-78.7208588990326
854,6919,-85.34865328060049
855,7303,-88.6577831230505
856,8056,-90.45787705305827
857,7913,-76.25428355237077
858,7831,-93.67039583282128
859,8080,-94.39586635133405
860,6857,-62.16060634142518
861,7972,-101.57240707486898
862,7881,-68.15828939300093
863,7758,-93.9513385341576
864,8178,-80.10405774114673
865,7988,-78.81532202148846
866,6782,-67.09517329024139
867,7934,-65.73355143555935
868,7747,-81.1021315943022
869,7505,-68.00937627575985
870,6751,-74.68654587590076
871,8137,-75.9438205052765
872,7575,-74.72825166594895
873,7892,-94.69932332180294
874,8061,-73.67299923792835
875,6883,-94.19624221913169
876,7348,-89.5005787038865
877,7868,-96.07339610758132
878,6909,-70.68094300656583
879,6936,-75.09795238474378
880,6747,-68.31593007628956
881,6937,-54.3409329168703
882,6607,-86.52459186170537
883,7491,-69.00545085395471
884,8109,-75.27383651465311
885,7886,-88.02231965128658
886,8028,-70.75413611322624
887,6897,-86.65419942660552
888,8022,-94.78403124155543
889,6733,-90.5574418424171
890,7121,-73.89892525358844
891,7756,-65.80686708267676
892,7915,-82.59151987056283
893,7568,-86.22191026544824
894,7824,-60.67839006639532
895,7438,-87.55322552143501
896,6757,-70.45276586056922
897,7429,-95.08251295248141
898,7351,-92.25183171840928
899,7240,-66.96445430438312
900,7595,-90.87121525981193
901,6902,-90.55273742736259
902,7454,-81.90075382950529
903,8197,-83.64308286821128
904,7983,-90.27421598275916
905,6704,-73.19099997554848
906,7002,-79.21440029228911
907,7442,-75.2994650770462
908,8157,-61.82900166129984
909,7118,-90.13677955162451
910,7218,-94.51569652627185
911,7082,-89.86957062028809
912,7126,-78.29315843318021
913,7792,-70.64746509057518
914,8057,-75.19453182785281
915,7820,-78.61017445676352
916,7523,-79.16550633751301
917,6802,-84.20693576969049
918,7482,-77.41757726970509
919,7421,-90.25440789638492
920,7852,-66.27502721789271
921,7235,-59.190990167976835
922,7721,-90.6390473625561
923,7391,-74.73436463390807
924,8114,-94.89523636855064
925,7752,-81.48811682913255
926,7939,-55.25283573226905
927,7629,-94.29833032707259
928,6599,-94.85526122059507
929,6860,-79.87208988497315
930,7559,-40.0464546079697
931,8062,-90.64107980174377
932,7861,-62.55715900092443
933,7689,-83.24592902469631
934,7508,-87.95497161585828
935,6846,-90.01850240090367
936,6671,-62.17819665147229
937,7693,-90.10683656867336
938,7443,-74.74888416564649
939,7241,-64.64079134446433
940,7051,-91.50003474961396
941,7650,-57.53759239421284
942,7481,-72.62082130895057
943,6815,-86.26833454808417
944,6890,-77.63907806387363
945,7920,-59.47849511892569
946,7225,-77.67272632019724
947,7180,-85.35939522481075
948,7047,-81.93624911006289
949,6991,-88.11519872887644
950,7272,-72.6197516416209
951,7669,-87.09359988135846
952,7436,-66.82578272169711
953,6592,-90.38508615749056
954,7284,-86.76186568273918
955,7905,-66.21626340502128
956,7337,-88.35230622123329
957,7363,-66.13473486436085
958,6877,-74.20971932491844
959,7354,-95.57658318209262
960,7362,-70.85152768211259
961,7238,-82.81360518140961
962,7683,-56.756727058510045
963,8206,-95.13440456911057
964,7195,-93.49991280201141
965,8153,-69.1624625417735
966,6851,-65.79667230993726
967,7088,-73.7881743993762
968,7938,-51.21391699469247
969,6594,-69.92779898830612
970,7005,-87.86258868952373
971,7068,-66.57144536982854
972,7943,-85.78695065881891
973,7415,-81.1622487165502
974,6946,-53.07618750251645
975,8023,-89.68030308460185
976,7310,-86.56470744237528
977,7787,-71.78697607706155
978,8086,-73.33735843499345
979,7379,-71.86549778970263
980,8173,-71.39925538957918
981,7627,-90.55206721415206
982,6873,-81.35617107208634
983,7796,-78.21204011306328
984,7700,-65.55998644719995
985,7827,-77.79774731456261
986,7753,-87.74768954172013
987,8060,-77.4107103509181
988,7887,-87.03906511074456
989,8148,-73.39254310230547
990,8133,-80.0538657548952
991,6627,-68.4173933437178
992,7774,-66.94359300086911
993,8009,-89.70431176403453
994,6865,-78.21591443623038
995,7007,-76.26974321893798
996,7318,-90.48184644671356
997,7488,-86.73416372971941
998,7730,-78.46816957519249
999,6601,-66.52926278942256
1000,7445,-69.32413710947883
1001,8236,-67.43358400241128
1002,7485,-81.1436993484412
1003,7142,-91.42373467355014
1004,6931,-102.73021779255384
1005,7626,-72.8720002633754
1006,6844,-94.48008456861716
1007,8237,-83.96719195671642
1008,7465,-76.46375717541727
1009,7433,-89.51112504596969
1010,7247,-74.22822057591496
1011,6668,-87.1536431558653
1012,7077,-79.5936522745736
1013,7027,-82.13557880385024
1014,7184,-79.93805728029278
1015,7670,-77.77718856647513
1016,6849,-95.62713070134173
1017,8002,-80.967254854814
1018,8000,-79.6469636147367
1019,6868,-81.931352884756
1020,7385,-59.053384201838796
1021,6939,-67.9822509858217
1022,8235,-70.86087859774769
1023,8067,-87.6301676440759
1024,7319,-43.95874012434363
1025,7434,-62.63370979657816
1026,8041,-63.1307095747798
1027,7941,-83.11047998251269
1028,7580,-86.70262202959022
1029,7898,-94.33626969645697
1030,7668,-93.4926497995794
1031,7306,-79.65499485568209
1032,6951,-97.36146270823053
1033,7951,-77.66801082788342
1034,7332,-74.2621258067947
1035,7714,-68.63584585895299
1036,6628,-73.8974129615682
1037,7676,-60.32814354235178
1038,7181,-77.8377445749207
1039,7448,-97.4648596548128
1040,6888,-89.61689199972814
1041,7378,-87.52784623628142
1042,7342,-67.99906302184466
1043,6761,-53.75833715712844
1044,7537,-70.53380603123391
1045,7219,-86.2977398387167
1046,6625,-90.4045928224912
1047,7424,-28.061487082766597
1048,6848,-79.81189712553201
1049,7919,-66.80662502311507
1050,8078,-78.07031802975108
1051,8097,-89.77985485208097
1052,7978,-73.94509073476574
1053,6914,-74.0986184476223
1054,7349,-62.26515290821315
1055,7854,-88.27725237943132
1056,7856,-91.90437710350336
1057,6921,-90.30339463731322
1058,7479,-86.00799844962064
1059,8007,-66.38535008742623
1060,7413,-73.47177025298963
1061,7659,-69.23906889671437
1062,7890,-68.12146882872072
1063,7086,-61.66568984359384
1064,7498,-77.94030265903878
1065,6863,-79.07918298344961
1066,7619,-99.93504447483281
1067,6737,-93.79866739101699
1068,6689,-103.54340408894772
1069,7848,-85.77942411344314
1070,7685,-75.34852961452046
1071,7159,-74.59047521767366
1072,7244,-82.69003805803584
1073,8174,-94.38965236265463
1074,7857,-71.05959775438815
1075,6703,-69.42477298772224
1076,7361,-74.75531429368945
1077,7267,-81.43492178298133
1078,7179,-84.20369309781489
1079,8043,-73.20069696693713
1080,7477,-52.826092465145166
1081,7601,-82.65748519635541
1082,7556,-87.90167197426901
1083,6724,-75.0030472259318
1084,6649,-71.59064701091685
1085,7631,-74.3974854678445
1086,7889,-76.73665908985485
1087,7478,-65.425034915843
1088,7368,-89.03509173428873
1089,7204,-89.90672890545862
1090,7063,-90.38795559853305
1091,7256,-80.23868686924857
1092,7837,-79.2078637567541
1093,8102,-82.28153505094457
1094,6971,-73.58686006903619
1095,6645,-94.97679240256336
1096,8231,-92.23456210049432
1097,8160,-74.80414165421445
1098,7553,-75.37154099619552
1099,8234,-69.89266976928411
1100,6593,-99.90627280821708
1101,6736,-79.14895854950763
1102,7585,-77.10721283757594
1103,6669,-60.76851713039156
1104,7203,-90.16713137873049
1105,7581,-89.66167955623527
1106,7729,-74.81750888756636
1107,7509,-68.7924841224457
1108,8113,-81.81713756205704
1109,7910,-88.37304293548227
1110,7291,-83.79362571138054
1111,6775,-71.07774006939836
1112,8225,-89.29434345637432
1113,6725,-91.84757332459687
1114,7355,-69.8690497312014
1115,8074,-64.49702306813839
1116,7716,-64.223684749942
1117,8108,-90.30771542210047
1118,8186,-96.42478693700274
1119,7152,-93.68423427546936
1120,8059,-62.4266040670515
1121,7745,-79.2698364744334
1122,7513,-74.24244202363754
1123,7524,-88.6582687588917
1124,7353,-94.2862060513587
1125,7817,-94.7147706068999
1126,7452,-83.3619782223723
1127,7380,-96.7088488918759
1128,7555,-95.40228543714879
1129,7261,-74.83800484303644
1130,6654,-81.22765011986574
1131,7091,-70.409264784562
1132,8227,-62.43163840238451
1133,7400,-79.01880146889715
1134,8046,-74.7876086128833
1135,6908,-78.6147019539278
1136,8221,-77.77002762886464
1137,8039,-85.13524091902839
1138,7370,-78.83885862785985
1139,7417,-69.57419444035018
1140,7519,-91.46194223460311
1141,7467,-69.65844697924729
1142,7066,-91.01668935227637
1143,8193,-80.54374318965797
1144,7336,-80.31292927237911
1145,7735,-69.25695556731972
1146,6618,-58.48360866730714
1147,7807,-63.40112935216807
1148,6807,-68.66306311752342
1149,7401,-58.97408278785814
1150,6989,-83.77512402739853
1151,7343,-79.13645633190339
1152,7918,-66.0382016911593
1153,6732,-87.38012672762642
1154,7432,-93.5054303044044
1155,7637,-83.17618082444885
1156,7845,-80.32668530855824
1157,8132,-63.893785360488906
1158,6979,-81.34218955619733
1159,7389,-74.22741986344477
1160,7459,-90.5991339460565
1161,7188,-68.27431507547337
1162,6870,-78.97001580033387
1163,8100,-97.02382134281757
1164,7376,-88.8958101846195
1165,6810,-82.5982952492772
1166,7078,-66.78544247360583
1167,6662,-82.47557863787137
1168,8175,-61.61064245339651
1169,7574,-79.10502645502123
1170,7045,-85.97784766285363
1171,6956,-49.606928825926886
1172,7649,-80.81078028017264
1173,7664,-65.06943335841669
1174,6928,-90.3933459375297
1175,7588,-58.27292898916642
1176,8003,-90.3777808494987
1177,7202,-67.4119143609051
1178,8120,-96.66106604965665
1179,7493,-71.95266099192273
1180,7976,-73.30418371995627
1181,7989,-75.0644887780795
1182,8090,-84.13184937752995
1183,7234,-73.97199251439783
1184,7843,-85.8468695632475
1185,6698,-57.62096950437693
1186,6978,-86.25418991465358
1187,7749,-90.93391588995033
1188,7811,-90.25340763018725
1189,7020,-55.4704958088448
1190,6985,-82.2636642287619
1191,6949,-66.54977332892314
1192,6632,-86.86766840043619
1193,7691,-67.06667613567629
1194,6903,-79.02387093399959
1195,7259,-89.63047307981567
1196,7441,-62.62269719217953
1197,6638,-82.27626588962073
1198,8127,-66.2329332119255
1199,7739,-90.27182730394239
1200,7320,-89.78371301089794
1201,7365,-85.62390955441272
1202,7821,-82.33838819856335
1203,6826,-90.30060968068939
1204,8035,-67.42875199438953
1205,7533,-68.31654191975935
1206,6783,-78.28954536803441
1207,7515,-71.64212972022933
1208,8144,-79.36133991694291
1209,7092,-93.82893119326519
1210,6841,-76.78492712476161
1211,7437,-78.56317230604654
1212,6894,-74.87703757211443
1213,6602,-76.73693821615691
1214,7490,-90.7145495224759
1215,7418,-61.84371139934342
1216,8182,-67.76228886925152
1217,6918,-102.44236928974262
1218,7251,-62.718750949539356
1219,6639,-77.6245594661558
1220,7641,-83.204516304518
1221,7004,-78.2029435373382
1222,7538,-71.88832528375985
1223,8011,-85.14043268601485
1224,7923,-77.65091570909807
1225,6959,-86.62263290150622
1226,7785,-77.35422066631179
1227,7793,-68.25092545433536
1228,7953,-77.25314139241515
1229,7949,-94.87361699747296
1230,7297,-72.92221169338376
1231,7026,-65.67138580611541
1232,6986,-74.8583175707008
1233,8187,-74.36903302387101
1234,7408,-77.05187633203414
1235,8224,-66.79739761767001
1236,7022,-102.705798168074
1237,7579,-76.68170262617981
1238,7797,-47.566107525827945
1239,7598,-73.14072847751586
1240,8006,-90.74750774439116
1241,6896,-71.38578893582242
1242,7209,-88.29904634329287
1243,7562,-94.45302013159845
1244,7550,-74.27613123901708
1245,6907,-61.660468824690966
1246,6941,-80.75305831705445
1247,7037,-63.49310477515006
1248,7054,-90.6379858148467
1249,7277,-62.59312077421755
1250,6924,-80.69327602224111
1251,7839,-73.99750345539606
1252,7264,-78.79494550814519
1253,7115,-70.05710902620847
1254,7283,-83.22915008871188
1255,7176,-68.79130073160023
1256,7589,-81.04957152445694
1257,7671,-65.11276287094226
1258,7891,-95.14305461674859
1259,7278,-91.46768586502006
1260,8072,-90.46011506605699
1261,7275,-75.31629809225716
1262,7206,-80.32144584219608
1263,8016,-79.55888956620308
1264,7296,-89.86601976455907
1265,6832,-64.26703362254682
1266,6611,-80.8826384057757
1267,7877,-71.00721573785158
1268,7216,-87.69134704735413
1269,7816,-69.9466983057406
1270,6719,-86.88768527372038
1271,7726,-86.04271593294418
1272,6767,-88.73302140561248
1273,7603,-70.12437132364406
1274,6657,-78.28213027675883
1275,7958,-88.77818626488666
1276,7901,-81.8476151342695
1277,7822,-79.11868241195758
1278,7492,-80.62198905858808
1279,7471,-84.0278301367436
1280,7558,-91.60983993240735
1281,6980,-74.77009024605708
1282,8071,-89.54505314499013
1283,8083,-84.33140186953099
1284,6804,-75.7087940578938
1285,7221,-92.13747486480284
1286,7933,-65.92732797140819
1287,7081,-86.73919887715442
1288,8036,-74.0046666470812
1289,8105,-62.25308940872701
1290,6830,-60.64817565602951
1291,6984,-76.67883119995699
1292,7975,-82.66197348498694
1293,7528,-77.99567279530696
1294,6693,-65.68610522008643
1295,6792,-73.44152263738715
1296,6932,-61.46663237245963
1297,6685,-87.52279979068237
1298,7249,-64.46725478310958
1299,7692,-78.37274247200594
1300,7855,-73.08422041514476
1301,6774,-70.80642967859487
1302,6952,-77.75732185492531
1303,6993,-75.69716856747414
1304,8044,-91.20955191438547
1305,8218,-88.46782920443924
1306,7847,-73.90986910499271
1307,6808,-65.20004420967582
1308,8033,-70.67562921459259
1309,6905,-94.97393195620006
1310,7098,-74.42288181539267
1311,7127,-62.351818206078335
1312,7784,-81.11293242594962
1313,6967,-83.53278377084348
1314,7596,-71.68960427027368
1315,7808,-81.93011908798601
1316,7914,-90.11538433964736
1317,8136,-57.249365561823154
1318,7042,-88.70472960992996
1319,7642,-94.6868006213572
1320,8076,-79.75292690183254
1321,7814,-78.18962164416418
1322,7604,-86.22638933206025
1323,7258,-87.98009746763074
1324,8070,-58.26582143074624
1325,7634,-77.80811977882246
1326,7911,-65.68518945097485
1327,6791,-59.13404812467682
1328,7925,-68.13009168011918
1329,7707,-71.58522370891959
1330,8115,-76.52853943302084
1331,6731,-68.5438893390547
1332,6726,-90.59821089204577
1333,6801,-82.53286478918646
1334,7885,-90.41423637197255
1335,6687,-78.783522352361
1336,6735,-70.60004509560369
1337,7586,-88.70343791096366
1338,7407,-87.00758892043977
1339,7011,-65.86968123244206
1340,7748,-82.08118278951272
1341,7517,-89.83615383170503
1342,6990,-67.99217683115799
1343,8012,-86.4052600632682
1344,8084,-78.12186521393308
1345,8213,-89.73350902173922
1346,7862,-79.09507100090627
1347,7462,-93.5310882940734
1348,6855,-67.64528777767475
1349,7965,-93.57545347289081
1350,7404,-89.75229621164276
1351,6787,-92.19195167748991
1352,7322,-66.208725772285
1353,7450,-52.47175338259253
1354,6906,-81.21401312776561
1355,7906,-85.25436520890008
1356,7458,-78.99270673286416
1357,7995,-84.11555871558583
1358,6885,-80.11170212388431
1359,8154,-82.79550225513441
1360,7226,-63.97295699609947
1361,7469,-66.09616642261845
1362,6834,-73.8699653117065
1363,6982,-75.63544496012913
1364,7665,-90.53230577613166
1365,6916,-82.45694208364964
1366,7214,-69.6704667460639
1367,6817,-89.08353355124606
1368,7285,-77.40839759099362
1369,6679,-69.61045492470981
1370,8040,-69.35502718485215
1371,7071,-79.48307960809736
1372,7725,-52.86989324815383
1373,8048,-95.98088771686744
1374,7616,-60.84317712282909
1375,7828,-89.75948004368932
1376,7684,-90.31752031121096
1377,7294,-65.61765902934725
1378,6790,-72.6042676580224
1379,7823,-85.9136237571021
1380,7201,-73.82835015348705
1381,7999,-75.87709289899956
1382,7661,-96.533610023864
1383,8029,-85.95029023395385
1384,8222,-78.91285608688189
1385,7874,-73.70542794232146
1386,8079,-61.21031690780343
1387,7301,-84.1304303694046
1388,8068,-56.83000130560176
1389,6713,-96.01571309001935
1390,6900,-60.411739975208135
1391,6614,-89.449778201864
1392,7940,-69.99753045443725
1393,7175,-86.85300479266193
1394,7660,-89.2768267391313
1395,7673,-89.72182957187107
1396,7065,-101.82358861676471
1397,6992,-58.7774505095215
1398,6996,-75.8661016909067
1399,6780,-91.49756417905093
1400,8001,-77.72731623080432
1401,7956,-61.245516737503266
1402,6945,-69.5177280742754
1403,7105,-73.74529491055617
1404,7109,-87.52429182841013
1405,7335,-90.34755555365129
1406,7948,-69.02836162276722
1407,7383,-61.28443813708982
1408,7440,-56.90788562112521
1409,7090,-66.78115866414284
1410,6686,-83.06916171277118
1411,6960,-65.62489070693454
1412,7025,-73.933354659455
1413,7173,-89.86600080916197
1414,7217,-65.76285622071654
1415,7835,-71.3564869408122
1416,8030,-65.21113965420274
1417,7191,-81.93852466307617
1418,7489,-69.02639238860998
1419,8128,-95.06792831168404
1420,7678,-81.64148495332323
1421,7083,-87.44791573519764
1422,6976,-89.90222014202698
1423,7624,-57.56473942421637
1424,7030,-85.90718277781313
1425,8015,-87.44616442944992
1426,7733,-80.16415537421679
1427,8204,-78.25473672988056
1428,7132,-91.87824973307013
1429,7347,-86.52840104677026
1430,7838,-91.64471252937892
1431,8087,-85.78977999066996
1432,7169,-84.35510810643068
1433,7742,-82.24183762688241
1434,7522,-80.50270261014205
1435,8025,-49.579654812879134
1436,6822,-76.9375265753248
1437,6738,-61.973200902524866
1438,7224,-75.14876406357781
1439,6729,-75.94328340872646
1440,7010,-62.12323525198512
1441,7638,-70.26735304411514
1442,6675,-63.987180261496064
1443,7167,-73.95383925599559
1444,6771,-76.45832359780557
1445,7572,-73.38906095292893
1446,7073,-82.41873064923497
1447,6859,-66.99284025370036
1448,8167,-83.43668083909812
1449,7087,-90.86454140499512
1450,8191,-87.33615023919407
1451,6781,-92.9527631003293
1452,7536,-74.54504366996211
1453,8121,-73.93730802560806
1454,7059,-89.76310638098815
1455,7298,-68.55646658018166
1456,7980,-75.7233486230778
1457,8172,-89.76512285370639
1458,7621,-53.97576175794719
1459,7654,-77.31762371478155
1460,7038,-102.92622212054086
1461,7110,-80.62585120431362
1462,7738,-90.6574111280265
1463,8229,-97.71143986740333
1464,7035,-79.24101189033719
1465,7512,-69.2487638988456
1466,7583,-69.15616777163677
1467,6633,-58.16419991394389
1468,6659,-75.78350385617352
1469,7917,-72.08528673931491
1470,7653,-71.58707595990072
1471,6648,-73.73397759416466
1472,8050,-63.86643509812323
1473,7494,-61.83731204587282
1474,6840,-88.81036241596937
1475,7339,-85.80266239054141
1476,8226,-66.31796408614727
1477,7344,-77.97577804299473
1478,6793,-77.98304589069744
1479,7960,-77.9425363390192
1480,7540,-73.43523875139272
1481,6861,-60.940684335124516
1482,6969,-70.3323478269365
1483,7200,-85.5271081940548
1484,7506,-91.0669495399941
1485,6652,-85.12512244965527
1486,7853,-101.98406860647415
1487,7802,-95.60049037243074
1488,6899,-79.67143819324484
1489,7777,-84.33047000656704
1490,6799,-62.57161810750138
1491,7428,-69.7489580464018
1492,8093,-66.25553305633093
1493,7922,-82.86114218454861
1494,6644,-85.84865684984736
1495,6831,-86.63574942228284
1496,6825,-77.9581067228224
1497,7767,-55.74030570850023
1498,6987,-74.8555276407887
1499,6800,-70.47401168671858
1500,7743,-86.41317602340551
1501,6740,-70.78642003662586
1502,7151,-86.32577840333144
1503,8184,-70.3659514842078
1504,7162,-60.18242352954353
1505,7592,-90.15156278463219
1506,6721,-62.968046347134376
1507,7501,-82.2435637615941
1508,7032,-75.17863463565699
1509,8010,-95.52027413005986
1510,7656,-77.9230887208392
1511,7097,-86.61796209923337
1512,7815,-74.10347887095134
1513,7952,-77.8950540080209
1514,7809,-63.02070358891547
1515,7858,-94.69513270265873
1516,7414,-87.05505456059576
1517,7070,-74.42040920136739
1518,7093,-91.13083961734806
1519,6843,-78.9963244222699
1520,7570,-74.09392491307135
1521,6642,-88.27798193205079
1522,7895,-59.49879356638884
1523,7974,-74.06333314099385
1524,7178,-65.64529226061978
1525,6773,-82.7174432577717
1526,6655,-87.15300610353765
1527,6620,-79.76087940709675
1528,7622,-84.32958497161356
1529,7423,-78.01518111494376
1530,6867,-80.40054227832661
1531,6647,-42.044133596212404
1532,7781,-90.66218385886363
1533,7372,-77.92009068640368
1534,7966,-73.37020484287075
1535,7148,-70.86339853777459
1536,6752,-65.36285708568462
1537,7129,-68.35222460401306
1538,7525,-84.8987267049308
1539,6705,-88.30899495323109
1540,7982,-86.13976919180885
1541,6750,-70.87962398570478
1542,7205,-90.82074789695503
1543,6610,-82.30726108172344
1544,6786,-99.49471687012182
1545,7695,-60.75859419990698
1546,8063,-74.83562369931761
1547,6768,-58.31026177597208
1548,8104,-94.02327486140598
1549,6891,-92.79174273737209
1550,7652,-73.93072356323114
1551,6778,-91.34285424161153
1552,7561,-85.78254775725522
1553,6646,-73.38582514248696
1554,7120,-70.67954333919282
1555,7293,-88.3831934107981
1556,6889,-81.79848847610033
1557,7870,-89.5223872234558
1558,8228,-55.03162864811393
1559,8135,-74.55408421638607
1560,8027,-87.17042790100683
1561,6674,-81.04481336117206
1562,7681,-89.66995126749222
1563,7107,-91.59525350080364
1564,7227,-79.7886408897195
1565,7451,-79.62833765690037
1566,7935,-100.47921279025695
1567,7708,-81.96379579892698
1568,7879,-85.62864289009622
1569,6997,-86.32086883333595
1570,6619,-84.44307062806799
1571,7798,-87.64616852883401
1572,7516,-92.41017801097256
1573,8021,-87.72738502124948
1574,7248,-82.39697476690175
1575,6972,-85.19248688227653
1576,6923,-78.40435483791232
1577,7865,-75.43601649440613
1578,7023,-66.11824907452666
1579,7985,-55.72265509825508
1580,7630,-82.6399937443548
1581,8024,-75.2419054848957
1582,6819,-95.8319339988122
1583,6656,-74.52983104365542
1584,7893,-75.32068378006228
1585,7882,-68.18934997897536
1586,7569,-85.71557518698202
1587,6641,-78.12327650102299
1588,8065,-86.3452500609037
1589,6714,-64.84651303098386
1590,7791,-84.88621869310926
1591,7618,-82.00651755558357
1592,7697,-63.88975715506159
1593,7542,-67.37792139904225
1594,7582,-70.97045886774644
1595,8134,-82.63413380695212
1596,7085,-69.12821088541921
1597,7050,-81.09091229338055
1598,6850,-73.81624775191051
1599,6950,-64.64690081969385
1600,6688,-68.58169253887695
1601,6613,-85.02132086331596
1602,8142,-83.40729699895047
1603,7136,-51.139762729507524
1604,8208,-79.26059451931891
1605,7711,-72.21795926222987
1606,6623,-77.6846202645376
1607,7375,-72.12566076246873
1608,6796,-94.6503842855907
1609,6803,-70.17258364720182
1610,7903,-87.83116176235147
1611,7323,-78.27851642451918
1612,8089,-78.83435801520737
1613,7406,-82.90608949286704
1614,6595,-58.47594805114538
1615,6728,-82.83702878034896
1616,6934,-77.80254138990672
1617,8223,-66.4609020331254
1618,6954,-101.55626009548162
1619,8014,-83.65190748177082
1620,7266,-96.336674147464
1621,7388,-80.5605867307852
1622,7639,-64.90191713514378
1623,7734,-69.97362030648658
1624,7480,-85.89655298734559
1625,7511,-73.90589403314738
1626,7932,-73.59399032432667
1627,8020,-66.27728804813268
1628,7138,-92.07068660502217
1629,7520,-51.59310291330587
1630,7212,-80.69620997034413
1631,7387,-89.3809598118911
1632,7705,-90.32295634236226
1633,8064,-81.6736927668067
1634,6820,-95.44562534237346
1635,8152,-73.42363074763762
1636,6690,-68.78557170024897
1637,6973,-101.72001628782381
1638,7573,-73.88141315237776
1639,7254,-85.35365050391421
1640,7997,-67.92842000404694
1641,7268,-95.58970367605323
1642,7143,-94.86828441366004
1643,6809,-56.877931296760586
1644,8054,-89.24626319517688
1645,6970,-65.75321748988638
1646,7270,-59.681740320321055
